{
  "backpropType" : "Standard",
  "cacheMode" : "NONE",
  "confs" : [ {
    "cacheMode" : "NONE",
    "dataType" : "FLOAT",
    "epochCount" : 0,
    "iterationCount" : 0,
    "layer" : {
      "@class" : "org.deeplearning4j.nn.conf.layers.ConvolutionLayer",
      "activationFn" : {
        "@class" : "org.nd4j.linalg.activations.impl.ActivationReLU"
      },
      "biasInit" : 0.0,
      "biasUpdater" : null,
      "constraints" : null,
      "convolutionMode" : "Same",
      "cudnnAlgoMode" : "PREFER_FASTEST",
      "cudnnAllowFallback" : true,
      "cudnnBwdDataAlgo" : null,
      "cudnnBwdFilterAlgo" : null,
      "cudnnFwdAlgo" : null,
      "dilation" : [ 1, 1 ],
      "gainInit" : 1.0,
      "gradientNormalization" : "None",
      "gradientNormalizationThreshold" : 1.0,
      "hasBias" : true,
      "idropout" : {
        "@class" : "org.deeplearning4j.nn.conf.dropout.Dropout",
        "p" : 1.0,
        "helperAllowFallback" : true,
        "initializedHelper" : false,
        "pschedule" : null
      },
      "iupdater" : {
        "@class" : "org.nd4j.linalg.learning.config.Adam",
        "beta1" : 0.8999999761581421,
        "beta2" : 0.9990000128746033,
        "epsilon" : 1.0E-7,
        "learningRate" : 9.999999747378752E-6
      },
      "kernelSize" : [ 3, 3 ],
      "layerName" : "block1_conv1",
      "nin" : 3,
      "nout" : 64,
      "padding" : [ 0, 0 ],
      "regularization" : [ ],
      "regularizationBias" : [ ],
      "stride" : [ 1, 1 ],
      "weightInitFn" : {
        "@class" : "org.deeplearning4j.nn.weights.WeightInitXavierUniform"
      },
      "weightNoise" : null
    },
    "maxNumLineSearchIterations" : 5,
    "miniBatch" : true,
    "minimize" : true,
    "optimizationAlgo" : "STOCHASTIC_GRADIENT_DESCENT",
    "seed" : 1654346701647,
    "stepFunction" : null,
    "variables" : [ "W", "b" ]
  }, {
    "cacheMode" : "NONE",
    "dataType" : "FLOAT",
    "epochCount" : 0,
    "iterationCount" : 0,
    "layer" : {
      "@class" : "org.deeplearning4j.nn.conf.layers.ConvolutionLayer",
      "activationFn" : {
        "@class" : "org.nd4j.linalg.activations.impl.ActivationReLU"
      },
      "biasInit" : 0.0,
      "biasUpdater" : null,
      "constraints" : null,
      "convolutionMode" : "Same",
      "cudnnAlgoMode" : "PREFER_FASTEST",
      "cudnnAllowFallback" : true,
      "cudnnBwdDataAlgo" : null,
      "cudnnBwdFilterAlgo" : null,
      "cudnnFwdAlgo" : null,
      "dilation" : [ 1, 1 ],
      "gainInit" : 1.0,
      "gradientNormalization" : "None",
      "gradientNormalizationThreshold" : 1.0,
      "hasBias" : true,
      "idropout" : {
        "@class" : "org.deeplearning4j.nn.conf.dropout.Dropout",
        "p" : 1.0,
        "helperAllowFallback" : true,
        "initializedHelper" : false,
        "pschedule" : null
      },
      "iupdater" : {
        "@class" : "org.nd4j.linalg.learning.config.Adam",
        "beta1" : 0.8999999761581421,
        "beta2" : 0.9990000128746033,
        "epsilon" : 1.0E-7,
        "learningRate" : 9.999999747378752E-6
      },
      "kernelSize" : [ 3, 3 ],
      "layerName" : "block1_conv2",
      "nin" : 64,
      "nout" : 64,
      "padding" : [ 0, 0 ],
      "regularization" : [ ],
      "regularizationBias" : [ ],
      "stride" : [ 1, 1 ],
      "weightInitFn" : {
        "@class" : "org.deeplearning4j.nn.weights.WeightInitXavierUniform"
      },
      "weightNoise" : null
    },
    "maxNumLineSearchIterations" : 5,
    "miniBatch" : true,
    "minimize" : true,
    "optimizationAlgo" : "STOCHASTIC_GRADIENT_DESCENT",
    "seed" : 1654346701647,
    "stepFunction" : null,
    "variables" : [ "W", "b" ]
  }, {
    "cacheMode" : "NONE",
    "dataType" : "FLOAT",
    "epochCount" : 0,
    "iterationCount" : 0,
    "layer" : {
      "@class" : "org.deeplearning4j.nn.conf.layers.SubsamplingLayer",
      "avgPoolIncludePadInDivisor" : false,
      "constraints" : null,
      "convolutionMode" : "Truncate",
      "cudnnAllowFallback" : true,
      "dilation" : [ 1, 1 ],
      "eps" : 1.0E-8,
      "gradientNormalization" : "None",
      "gradientNormalizationThreshold" : 0.0,
      "idropout" : {
        "@class" : "org.deeplearning4j.nn.conf.dropout.Dropout",
        "p" : 1.0,
        "helperAllowFallback" : true,
        "initializedHelper" : false,
        "pschedule" : null
      },
      "kernelSize" : [ 2, 2 ],
      "layerName" : "block1_pool",
      "padding" : [ 0, 0 ],
      "pnorm" : 0,
      "poolingType" : "MAX",
      "stride" : [ 2, 2 ]
    },
    "maxNumLineSearchIterations" : 5,
    "miniBatch" : true,
    "minimize" : true,
    "optimizationAlgo" : "STOCHASTIC_GRADIENT_DESCENT",
    "seed" : 1654346701647,
    "stepFunction" : null,
    "variables" : [ ]
  }, {
    "cacheMode" : "NONE",
    "dataType" : "FLOAT",
    "epochCount" : 0,
    "iterationCount" : 0,
    "layer" : {
      "@class" : "org.deeplearning4j.nn.conf.layers.ConvolutionLayer",
      "activationFn" : {
        "@class" : "org.nd4j.linalg.activations.impl.ActivationReLU"
      },
      "biasInit" : 0.0,
      "biasUpdater" : null,
      "constraints" : null,
      "convolutionMode" : "Same",
      "cudnnAlgoMode" : "PREFER_FASTEST",
      "cudnnAllowFallback" : true,
      "cudnnBwdDataAlgo" : null,
      "cudnnBwdFilterAlgo" : null,
      "cudnnFwdAlgo" : null,
      "dilation" : [ 1, 1 ],
      "gainInit" : 1.0,
      "gradientNormalization" : "None",
      "gradientNormalizationThreshold" : 1.0,
      "hasBias" : true,
      "idropout" : {
        "@class" : "org.deeplearning4j.nn.conf.dropout.Dropout",
        "p" : 1.0,
        "helperAllowFallback" : true,
        "initializedHelper" : false,
        "pschedule" : null
      },
      "iupdater" : {
        "@class" : "org.nd4j.linalg.learning.config.Adam",
        "beta1" : 0.8999999761581421,
        "beta2" : 0.9990000128746033,
        "epsilon" : 1.0E-7,
        "learningRate" : 9.999999747378752E-6
      },
      "kernelSize" : [ 3, 3 ],
      "layerName" : "block2_conv1",
      "nin" : 64,
      "nout" : 128,
      "padding" : [ 0, 0 ],
      "regularization" : [ ],
      "regularizationBias" : [ ],
      "stride" : [ 1, 1 ],
      "weightInitFn" : {
        "@class" : "org.deeplearning4j.nn.weights.WeightInitXavierUniform"
      },
      "weightNoise" : null
    },
    "maxNumLineSearchIterations" : 5,
    "miniBatch" : true,
    "minimize" : true,
    "optimizationAlgo" : "STOCHASTIC_GRADIENT_DESCENT",
    "seed" : 1654346701647,
    "stepFunction" : null,
    "variables" : [ "W", "b" ]
  }, {
    "cacheMode" : "NONE",
    "dataType" : "FLOAT",
    "epochCount" : 0,
    "iterationCount" : 0,
    "layer" : {
      "@class" : "org.deeplearning4j.nn.conf.layers.ConvolutionLayer",
      "activationFn" : {
        "@class" : "org.nd4j.linalg.activations.impl.ActivationReLU"
      },
      "biasInit" : 0.0,
      "biasUpdater" : null,
      "constraints" : null,
      "convolutionMode" : "Same",
      "cudnnAlgoMode" : "PREFER_FASTEST",
      "cudnnAllowFallback" : true,
      "cudnnBwdDataAlgo" : null,
      "cudnnBwdFilterAlgo" : null,
      "cudnnFwdAlgo" : null,
      "dilation" : [ 1, 1 ],
      "gainInit" : 1.0,
      "gradientNormalization" : "None",
      "gradientNormalizationThreshold" : 1.0,
      "hasBias" : true,
      "idropout" : {
        "@class" : "org.deeplearning4j.nn.conf.dropout.Dropout",
        "p" : 1.0,
        "helperAllowFallback" : true,
        "initializedHelper" : false,
        "pschedule" : null
      },
      "iupdater" : {
        "@class" : "org.nd4j.linalg.learning.config.Adam",
        "beta1" : 0.8999999761581421,
        "beta2" : 0.9990000128746033,
        "epsilon" : 1.0E-7,
        "learningRate" : 9.999999747378752E-6
      },
      "kernelSize" : [ 3, 3 ],
      "layerName" : "block2_conv2",
      "nin" : 128,
      "nout" : 128,
      "padding" : [ 0, 0 ],
      "regularization" : [ ],
      "regularizationBias" : [ ],
      "stride" : [ 1, 1 ],
      "weightInitFn" : {
        "@class" : "org.deeplearning4j.nn.weights.WeightInitXavierUniform"
      },
      "weightNoise" : null
    },
    "maxNumLineSearchIterations" : 5,
    "miniBatch" : true,
    "minimize" : true,
    "optimizationAlgo" : "STOCHASTIC_GRADIENT_DESCENT",
    "seed" : 1654346701647,
    "stepFunction" : null,
    "variables" : [ "W", "b" ]
  }, {
    "cacheMode" : "NONE",
    "dataType" : "FLOAT",
    "epochCount" : 0,
    "iterationCount" : 0,
    "layer" : {
      "@class" : "org.deeplearning4j.nn.conf.layers.SubsamplingLayer",
      "avgPoolIncludePadInDivisor" : false,
      "constraints" : null,
      "convolutionMode" : "Truncate",
      "cudnnAllowFallback" : true,
      "dilation" : [ 1, 1 ],
      "eps" : 1.0E-8,
      "gradientNormalization" : "None",
      "gradientNormalizationThreshold" : 0.0,
      "idropout" : {
        "@class" : "org.deeplearning4j.nn.conf.dropout.Dropout",
        "p" : 1.0,
        "helperAllowFallback" : true,
        "initializedHelper" : false,
        "pschedule" : null
      },
      "kernelSize" : [ 2, 2 ],
      "layerName" : "block2_pool",
      "padding" : [ 0, 0 ],
      "pnorm" : 0,
      "poolingType" : "MAX",
      "stride" : [ 2, 2 ]
    },
    "maxNumLineSearchIterations" : 5,
    "miniBatch" : true,
    "minimize" : true,
    "optimizationAlgo" : "STOCHASTIC_GRADIENT_DESCENT",
    "seed" : 1654346701647,
    "stepFunction" : null,
    "variables" : [ ]
  }, {
    "cacheMode" : "NONE",
    "dataType" : "FLOAT",
    "epochCount" : 0,
    "iterationCount" : 0,
    "layer" : {
      "@class" : "org.deeplearning4j.nn.conf.layers.ConvolutionLayer",
      "activationFn" : {
        "@class" : "org.nd4j.linalg.activations.impl.ActivationReLU"
      },
      "biasInit" : 0.0,
      "biasUpdater" : null,
      "constraints" : null,
      "convolutionMode" : "Same",
      "cudnnAlgoMode" : "PREFER_FASTEST",
      "cudnnAllowFallback" : true,
      "cudnnBwdDataAlgo" : null,
      "cudnnBwdFilterAlgo" : null,
      "cudnnFwdAlgo" : null,
      "dilation" : [ 1, 1 ],
      "gainInit" : 1.0,
      "gradientNormalization" : "None",
      "gradientNormalizationThreshold" : 1.0,
      "hasBias" : true,
      "idropout" : {
        "@class" : "org.deeplearning4j.nn.conf.dropout.Dropout",
        "p" : 1.0,
        "helperAllowFallback" : true,
        "initializedHelper" : false,
        "pschedule" : null
      },
      "iupdater" : {
        "@class" : "org.nd4j.linalg.learning.config.Adam",
        "beta1" : 0.8999999761581421,
        "beta2" : 0.9990000128746033,
        "epsilon" : 1.0E-7,
        "learningRate" : 9.999999747378752E-6
      },
      "kernelSize" : [ 3, 3 ],
      "layerName" : "block3_conv1",
      "nin" : 128,
      "nout" : 256,
      "padding" : [ 0, 0 ],
      "regularization" : [ ],
      "regularizationBias" : [ ],
      "stride" : [ 1, 1 ],
      "weightInitFn" : {
        "@class" : "org.deeplearning4j.nn.weights.WeightInitXavierUniform"
      },
      "weightNoise" : null
    },
    "maxNumLineSearchIterations" : 5,
    "miniBatch" : true,
    "minimize" : true,
    "optimizationAlgo" : "STOCHASTIC_GRADIENT_DESCENT",
    "seed" : 1654346701647,
    "stepFunction" : null,
    "variables" : [ "W", "b" ]
  }, {
    "cacheMode" : "NONE",
    "dataType" : "FLOAT",
    "epochCount" : 0,
    "iterationCount" : 0,
    "layer" : {
      "@class" : "org.deeplearning4j.nn.conf.layers.ConvolutionLayer",
      "activationFn" : {
        "@class" : "org.nd4j.linalg.activations.impl.ActivationReLU"
      },
      "biasInit" : 0.0,
      "biasUpdater" : null,
      "constraints" : null,
      "convolutionMode" : "Same",
      "cudnnAlgoMode" : "PREFER_FASTEST",
      "cudnnAllowFallback" : true,
      "cudnnBwdDataAlgo" : null,
      "cudnnBwdFilterAlgo" : null,
      "cudnnFwdAlgo" : null,
      "dilation" : [ 1, 1 ],
      "gainInit" : 1.0,
      "gradientNormalization" : "None",
      "gradientNormalizationThreshold" : 1.0,
      "hasBias" : true,
      "idropout" : {
        "@class" : "org.deeplearning4j.nn.conf.dropout.Dropout",
        "p" : 1.0,
        "helperAllowFallback" : true,
        "initializedHelper" : false,
        "pschedule" : null
      },
      "iupdater" : {
        "@class" : "org.nd4j.linalg.learning.config.Adam",
        "beta1" : 0.8999999761581421,
        "beta2" : 0.9990000128746033,
        "epsilon" : 1.0E-7,
        "learningRate" : 9.999999747378752E-6
      },
      "kernelSize" : [ 3, 3 ],
      "layerName" : "block3_conv2",
      "nin" : 256,
      "nout" : 256,
      "padding" : [ 0, 0 ],
      "regularization" : [ ],
      "regularizationBias" : [ ],
      "stride" : [ 1, 1 ],
      "weightInitFn" : {
        "@class" : "org.deeplearning4j.nn.weights.WeightInitXavierUniform"
      },
      "weightNoise" : null
    },
    "maxNumLineSearchIterations" : 5,
    "miniBatch" : true,
    "minimize" : true,
    "optimizationAlgo" : "STOCHASTIC_GRADIENT_DESCENT",
    "seed" : 1654346701647,
    "stepFunction" : null,
    "variables" : [ "W", "b" ]
  }, {
    "cacheMode" : "NONE",
    "dataType" : "FLOAT",
    "epochCount" : 0,
    "iterationCount" : 0,
    "layer" : {
      "@class" : "org.deeplearning4j.nn.conf.layers.ConvolutionLayer",
      "activationFn" : {
        "@class" : "org.nd4j.linalg.activations.impl.ActivationReLU"
      },
      "biasInit" : 0.0,
      "biasUpdater" : null,
      "constraints" : null,
      "convolutionMode" : "Same",
      "cudnnAlgoMode" : "PREFER_FASTEST",
      "cudnnAllowFallback" : true,
      "cudnnBwdDataAlgo" : null,
      "cudnnBwdFilterAlgo" : null,
      "cudnnFwdAlgo" : null,
      "dilation" : [ 1, 1 ],
      "gainInit" : 1.0,
      "gradientNormalization" : "None",
      "gradientNormalizationThreshold" : 1.0,
      "hasBias" : true,
      "idropout" : {
        "@class" : "org.deeplearning4j.nn.conf.dropout.Dropout",
        "p" : 1.0,
        "helperAllowFallback" : true,
        "initializedHelper" : false,
        "pschedule" : null
      },
      "iupdater" : {
        "@class" : "org.nd4j.linalg.learning.config.Adam",
        "beta1" : 0.8999999761581421,
        "beta2" : 0.9990000128746033,
        "epsilon" : 1.0E-7,
        "learningRate" : 9.999999747378752E-6
      },
      "kernelSize" : [ 3, 3 ],
      "layerName" : "block3_conv3",
      "nin" : 256,
      "nout" : 256,
      "padding" : [ 0, 0 ],
      "regularization" : [ ],
      "regularizationBias" : [ ],
      "stride" : [ 1, 1 ],
      "weightInitFn" : {
        "@class" : "org.deeplearning4j.nn.weights.WeightInitXavierUniform"
      },
      "weightNoise" : null
    },
    "maxNumLineSearchIterations" : 5,
    "miniBatch" : true,
    "minimize" : true,
    "optimizationAlgo" : "STOCHASTIC_GRADIENT_DESCENT",
    "seed" : 1654346701647,
    "stepFunction" : null,
    "variables" : [ "W", "b" ]
  }, {
    "cacheMode" : "NONE",
    "dataType" : "FLOAT",
    "epochCount" : 0,
    "iterationCount" : 0,
    "layer" : {
      "@class" : "org.deeplearning4j.nn.conf.layers.SubsamplingLayer",
      "avgPoolIncludePadInDivisor" : false,
      "constraints" : null,
      "convolutionMode" : "Truncate",
      "cudnnAllowFallback" : true,
      "dilation" : [ 1, 1 ],
      "eps" : 1.0E-8,
      "gradientNormalization" : "None",
      "gradientNormalizationThreshold" : 0.0,
      "idropout" : {
        "@class" : "org.deeplearning4j.nn.conf.dropout.Dropout",
        "p" : 1.0,
        "helperAllowFallback" : true,
        "initializedHelper" : false,
        "pschedule" : null
      },
      "kernelSize" : [ 2, 2 ],
      "layerName" : "block3_pool",
      "padding" : [ 0, 0 ],
      "pnorm" : 0,
      "poolingType" : "MAX",
      "stride" : [ 2, 2 ]
    },
    "maxNumLineSearchIterations" : 5,
    "miniBatch" : true,
    "minimize" : true,
    "optimizationAlgo" : "STOCHASTIC_GRADIENT_DESCENT",
    "seed" : 1654346701647,
    "stepFunction" : null,
    "variables" : [ ]
  }, {
    "cacheMode" : "NONE",
    "dataType" : "FLOAT",
    "epochCount" : 0,
    "iterationCount" : 0,
    "layer" : {
      "@class" : "org.deeplearning4j.nn.conf.layers.ConvolutionLayer",
      "activationFn" : {
        "@class" : "org.nd4j.linalg.activations.impl.ActivationReLU"
      },
      "biasInit" : 0.0,
      "biasUpdater" : null,
      "constraints" : null,
      "convolutionMode" : "Same",
      "cudnnAlgoMode" : "PREFER_FASTEST",
      "cudnnAllowFallback" : true,
      "cudnnBwdDataAlgo" : null,
      "cudnnBwdFilterAlgo" : null,
      "cudnnFwdAlgo" : null,
      "dilation" : [ 1, 1 ],
      "gainInit" : 1.0,
      "gradientNormalization" : "None",
      "gradientNormalizationThreshold" : 1.0,
      "hasBias" : true,
      "idropout" : {
        "@class" : "org.deeplearning4j.nn.conf.dropout.Dropout",
        "p" : 1.0,
        "helperAllowFallback" : true,
        "initializedHelper" : false,
        "pschedule" : null
      },
      "iupdater" : {
        "@class" : "org.nd4j.linalg.learning.config.Adam",
        "beta1" : 0.8999999761581421,
        "beta2" : 0.9990000128746033,
        "epsilon" : 1.0E-7,
        "learningRate" : 9.999999747378752E-6
      },
      "kernelSize" : [ 3, 3 ],
      "layerName" : "block4_conv1",
      "nin" : 256,
      "nout" : 512,
      "padding" : [ 0, 0 ],
      "regularization" : [ ],
      "regularizationBias" : [ ],
      "stride" : [ 1, 1 ],
      "weightInitFn" : {
        "@class" : "org.deeplearning4j.nn.weights.WeightInitXavierUniform"
      },
      "weightNoise" : null
    },
    "maxNumLineSearchIterations" : 5,
    "miniBatch" : true,
    "minimize" : true,
    "optimizationAlgo" : "STOCHASTIC_GRADIENT_DESCENT",
    "seed" : 1654346701647,
    "stepFunction" : null,
    "variables" : [ "W", "b" ]
  }, {
    "cacheMode" : "NONE",
    "dataType" : "FLOAT",
    "epochCount" : 0,
    "iterationCount" : 0,
    "layer" : {
      "@class" : "org.deeplearning4j.nn.conf.layers.ConvolutionLayer",
      "activationFn" : {
        "@class" : "org.nd4j.linalg.activations.impl.ActivationReLU"
      },
      "biasInit" : 0.0,
      "biasUpdater" : null,
      "constraints" : null,
      "convolutionMode" : "Same",
      "cudnnAlgoMode" : "PREFER_FASTEST",
      "cudnnAllowFallback" : true,
      "cudnnBwdDataAlgo" : null,
      "cudnnBwdFilterAlgo" : null,
      "cudnnFwdAlgo" : null,
      "dilation" : [ 1, 1 ],
      "gainInit" : 1.0,
      "gradientNormalization" : "None",
      "gradientNormalizationThreshold" : 1.0,
      "hasBias" : true,
      "idropout" : {
        "@class" : "org.deeplearning4j.nn.conf.dropout.Dropout",
        "p" : 1.0,
        "helperAllowFallback" : true,
        "initializedHelper" : false,
        "pschedule" : null
      },
      "iupdater" : {
        "@class" : "org.nd4j.linalg.learning.config.Adam",
        "beta1" : 0.8999999761581421,
        "beta2" : 0.9990000128746033,
        "epsilon" : 1.0E-7,
        "learningRate" : 9.999999747378752E-6
      },
      "kernelSize" : [ 3, 3 ],
      "layerName" : "block4_conv2",
      "nin" : 512,
      "nout" : 512,
      "padding" : [ 0, 0 ],
      "regularization" : [ ],
      "regularizationBias" : [ ],
      "stride" : [ 1, 1 ],
      "weightInitFn" : {
        "@class" : "org.deeplearning4j.nn.weights.WeightInitXavierUniform"
      },
      "weightNoise" : null
    },
    "maxNumLineSearchIterations" : 5,
    "miniBatch" : true,
    "minimize" : true,
    "optimizationAlgo" : "STOCHASTIC_GRADIENT_DESCENT",
    "seed" : 1654346701647,
    "stepFunction" : null,
    "variables" : [ "W", "b" ]
  }, {
    "cacheMode" : "NONE",
    "dataType" : "FLOAT",
    "epochCount" : 0,
    "iterationCount" : 0,
    "layer" : {
      "@class" : "org.deeplearning4j.nn.conf.layers.ConvolutionLayer",
      "activationFn" : {
        "@class" : "org.nd4j.linalg.activations.impl.ActivationReLU"
      },
      "biasInit" : 0.0,
      "biasUpdater" : null,
      "constraints" : null,
      "convolutionMode" : "Same",
      "cudnnAlgoMode" : "PREFER_FASTEST",
      "cudnnAllowFallback" : true,
      "cudnnBwdDataAlgo" : null,
      "cudnnBwdFilterAlgo" : null,
      "cudnnFwdAlgo" : null,
      "dilation" : [ 1, 1 ],
      "gainInit" : 1.0,
      "gradientNormalization" : "None",
      "gradientNormalizationThreshold" : 1.0,
      "hasBias" : true,
      "idropout" : {
        "@class" : "org.deeplearning4j.nn.conf.dropout.Dropout",
        "p" : 1.0,
        "helperAllowFallback" : true,
        "initializedHelper" : false,
        "pschedule" : null
      },
      "iupdater" : {
        "@class" : "org.nd4j.linalg.learning.config.Adam",
        "beta1" : 0.8999999761581421,
        "beta2" : 0.9990000128746033,
        "epsilon" : 1.0E-7,
        "learningRate" : 9.999999747378752E-6
      },
      "kernelSize" : [ 3, 3 ],
      "layerName" : "block4_conv3",
      "nin" : 512,
      "nout" : 512,
      "padding" : [ 0, 0 ],
      "regularization" : [ ],
      "regularizationBias" : [ ],
      "stride" : [ 1, 1 ],
      "weightInitFn" : {
        "@class" : "org.deeplearning4j.nn.weights.WeightInitXavierUniform"
      },
      "weightNoise" : null
    },
    "maxNumLineSearchIterations" : 5,
    "miniBatch" : true,
    "minimize" : true,
    "optimizationAlgo" : "STOCHASTIC_GRADIENT_DESCENT",
    "seed" : 1654346701647,
    "stepFunction" : null,
    "variables" : [ "W", "b" ]
  }, {
    "cacheMode" : "NONE",
    "dataType" : "FLOAT",
    "epochCount" : 0,
    "iterationCount" : 0,
    "layer" : {
      "@class" : "org.deeplearning4j.nn.conf.layers.SubsamplingLayer",
      "avgPoolIncludePadInDivisor" : false,
      "constraints" : null,
      "convolutionMode" : "Truncate",
      "cudnnAllowFallback" : true,
      "dilation" : [ 1, 1 ],
      "eps" : 1.0E-8,
      "gradientNormalization" : "None",
      "gradientNormalizationThreshold" : 0.0,
      "idropout" : {
        "@class" : "org.deeplearning4j.nn.conf.dropout.Dropout",
        "p" : 1.0,
        "helperAllowFallback" : true,
        "initializedHelper" : false,
        "pschedule" : null
      },
      "kernelSize" : [ 2, 2 ],
      "layerName" : "block4_pool",
      "padding" : [ 0, 0 ],
      "pnorm" : 0,
      "poolingType" : "MAX",
      "stride" : [ 2, 2 ]
    },
    "maxNumLineSearchIterations" : 5,
    "miniBatch" : true,
    "minimize" : true,
    "optimizationAlgo" : "STOCHASTIC_GRADIENT_DESCENT",
    "seed" : 1654346701647,
    "stepFunction" : null,
    "variables" : [ ]
  }, {
    "cacheMode" : "NONE",
    "dataType" : "FLOAT",
    "epochCount" : 0,
    "iterationCount" : 0,
    "layer" : {
      "@class" : "org.deeplearning4j.nn.conf.layers.ConvolutionLayer",
      "activationFn" : {
        "@class" : "org.nd4j.linalg.activations.impl.ActivationReLU"
      },
      "biasInit" : 0.0,
      "biasUpdater" : null,
      "constraints" : null,
      "convolutionMode" : "Same",
      "cudnnAlgoMode" : "PREFER_FASTEST",
      "cudnnAllowFallback" : true,
      "cudnnBwdDataAlgo" : null,
      "cudnnBwdFilterAlgo" : null,
      "cudnnFwdAlgo" : null,
      "dilation" : [ 1, 1 ],
      "gainInit" : 1.0,
      "gradientNormalization" : "None",
      "gradientNormalizationThreshold" : 1.0,
      "hasBias" : true,
      "idropout" : {
        "@class" : "org.deeplearning4j.nn.conf.dropout.Dropout",
        "p" : 1.0,
        "helperAllowFallback" : true,
        "initializedHelper" : false,
        "pschedule" : null
      },
      "iupdater" : {
        "@class" : "org.nd4j.linalg.learning.config.Adam",
        "beta1" : 0.8999999761581421,
        "beta2" : 0.9990000128746033,
        "epsilon" : 1.0E-7,
        "learningRate" : 9.999999747378752E-6
      },
      "kernelSize" : [ 3, 3 ],
      "layerName" : "block5_conv1",
      "nin" : 512,
      "nout" : 512,
      "padding" : [ 0, 0 ],
      "regularization" : [ ],
      "regularizationBias" : [ ],
      "stride" : [ 1, 1 ],
      "weightInitFn" : {
        "@class" : "org.deeplearning4j.nn.weights.WeightInitXavierUniform"
      },
      "weightNoise" : null
    },
    "maxNumLineSearchIterations" : 5,
    "miniBatch" : true,
    "minimize" : true,
    "optimizationAlgo" : "STOCHASTIC_GRADIENT_DESCENT",
    "seed" : 1654346701647,
    "stepFunction" : null,
    "variables" : [ "W", "b" ]
  }, {
    "cacheMode" : "NONE",
    "dataType" : "FLOAT",
    "epochCount" : 0,
    "iterationCount" : 0,
    "layer" : {
      "@class" : "org.deeplearning4j.nn.conf.layers.ConvolutionLayer",
      "activationFn" : {
        "@class" : "org.nd4j.linalg.activations.impl.ActivationReLU"
      },
      "biasInit" : 0.0,
      "biasUpdater" : null,
      "constraints" : null,
      "convolutionMode" : "Same",
      "cudnnAlgoMode" : "PREFER_FASTEST",
      "cudnnAllowFallback" : true,
      "cudnnBwdDataAlgo" : null,
      "cudnnBwdFilterAlgo" : null,
      "cudnnFwdAlgo" : null,
      "dilation" : [ 1, 1 ],
      "gainInit" : 1.0,
      "gradientNormalization" : "None",
      "gradientNormalizationThreshold" : 1.0,
      "hasBias" : true,
      "idropout" : {
        "@class" : "org.deeplearning4j.nn.conf.dropout.Dropout",
        "p" : 1.0,
        "helperAllowFallback" : true,
        "initializedHelper" : false,
        "pschedule" : null
      },
      "iupdater" : {
        "@class" : "org.nd4j.linalg.learning.config.Adam",
        "beta1" : 0.8999999761581421,
        "beta2" : 0.9990000128746033,
        "epsilon" : 1.0E-7,
        "learningRate" : 9.999999747378752E-6
      },
      "kernelSize" : [ 3, 3 ],
      "layerName" : "block5_conv2",
      "nin" : 512,
      "nout" : 512,
      "padding" : [ 0, 0 ],
      "regularization" : [ ],
      "regularizationBias" : [ ],
      "stride" : [ 1, 1 ],
      "weightInitFn" : {
        "@class" : "org.deeplearning4j.nn.weights.WeightInitXavierUniform"
      },
      "weightNoise" : null
    },
    "maxNumLineSearchIterations" : 5,
    "miniBatch" : true,
    "minimize" : true,
    "optimizationAlgo" : "STOCHASTIC_GRADIENT_DESCENT",
    "seed" : 1654346701647,
    "stepFunction" : null,
    "variables" : [ "W", "b" ]
  }, {
    "cacheMode" : "NONE",
    "dataType" : "FLOAT",
    "epochCount" : 0,
    "iterationCount" : 0,
    "layer" : {
      "@class" : "org.deeplearning4j.nn.conf.layers.ConvolutionLayer",
      "activationFn" : {
        "@class" : "org.nd4j.linalg.activations.impl.ActivationReLU"
      },
      "biasInit" : 0.0,
      "biasUpdater" : null,
      "constraints" : null,
      "convolutionMode" : "Same",
      "cudnnAlgoMode" : "PREFER_FASTEST",
      "cudnnAllowFallback" : true,
      "cudnnBwdDataAlgo" : null,
      "cudnnBwdFilterAlgo" : null,
      "cudnnFwdAlgo" : null,
      "dilation" : [ 1, 1 ],
      "gainInit" : 1.0,
      "gradientNormalization" : "None",
      "gradientNormalizationThreshold" : 1.0,
      "hasBias" : true,
      "idropout" : {
        "@class" : "org.deeplearning4j.nn.conf.dropout.Dropout",
        "p" : 1.0,
        "helperAllowFallback" : true,
        "initializedHelper" : false,
        "pschedule" : null
      },
      "iupdater" : {
        "@class" : "org.nd4j.linalg.learning.config.Adam",
        "beta1" : 0.8999999761581421,
        "beta2" : 0.9990000128746033,
        "epsilon" : 1.0E-7,
        "learningRate" : 9.999999747378752E-6
      },
      "kernelSize" : [ 3, 3 ],
      "layerName" : "block5_conv3",
      "nin" : 512,
      "nout" : 512,
      "padding" : [ 0, 0 ],
      "regularization" : [ ],
      "regularizationBias" : [ ],
      "stride" : [ 1, 1 ],
      "weightInitFn" : {
        "@class" : "org.deeplearning4j.nn.weights.WeightInitXavierUniform"
      },
      "weightNoise" : null
    },
    "maxNumLineSearchIterations" : 5,
    "miniBatch" : true,
    "minimize" : true,
    "optimizationAlgo" : "STOCHASTIC_GRADIENT_DESCENT",
    "seed" : 1654346701647,
    "stepFunction" : null,
    "variables" : [ "W", "b" ]
  }, {
    "cacheMode" : "NONE",
    "dataType" : "FLOAT",
    "epochCount" : 0,
    "iterationCount" : 0,
    "layer" : {
      "@class" : "org.deeplearning4j.nn.conf.layers.SubsamplingLayer",
      "avgPoolIncludePadInDivisor" : false,
      "constraints" : null,
      "convolutionMode" : "Truncate",
      "cudnnAllowFallback" : true,
      "dilation" : [ 1, 1 ],
      "eps" : 1.0E-8,
      "gradientNormalization" : "None",
      "gradientNormalizationThreshold" : 0.0,
      "idropout" : {
        "@class" : "org.deeplearning4j.nn.conf.dropout.Dropout",
        "p" : 1.0,
        "helperAllowFallback" : true,
        "initializedHelper" : false,
        "pschedule" : null
      },
      "kernelSize" : [ 2, 2 ],
      "layerName" : "block5_pool",
      "padding" : [ 0, 0 ],
      "pnorm" : 0,
      "poolingType" : "MAX",
      "stride" : [ 2, 2 ]
    },
    "maxNumLineSearchIterations" : 5,
    "miniBatch" : true,
    "minimize" : true,
    "optimizationAlgo" : "STOCHASTIC_GRADIENT_DESCENT",
    "seed" : 1654346701647,
    "stepFunction" : null,
    "variables" : [ ]
  }, {
    "cacheMode" : "NONE",
    "dataType" : "FLOAT",
    "epochCount" : 0,
    "iterationCount" : 0,
    "layer" : {
      "@class" : "org.deeplearning4j.nn.conf.layers.DenseLayer",
      "activationFn" : {
        "@class" : "org.nd4j.linalg.activations.impl.ActivationReLU"
      },
      "biasInit" : 0.0,
      "biasUpdater" : null,
      "constraints" : null,
      "gainInit" : 1.0,
      "gradientNormalization" : "None",
      "gradientNormalizationThreshold" : 1.0,
      "hasBias" : true,
      "hasLayerNorm" : false,
      "idropout" : {
        "@class" : "org.deeplearning4j.nn.conf.dropout.Dropout",
        "p" : 1.0,
        "helperAllowFallback" : true,
        "initializedHelper" : false,
        "pschedule" : null
      },
      "iupdater" : {
        "@class" : "org.nd4j.linalg.learning.config.Adam",
        "beta1" : 0.8999999761581421,
        "beta2" : 0.9990000128746033,
        "epsilon" : 1.0E-7,
        "learningRate" : 9.999999747378752E-6
      },
      "layerName" : "dense",
      "nin" : 8192,
      "nout" : 256,
      "regularization" : [ ],
      "regularizationBias" : [ ],
      "weightInitFn" : {
        "@class" : "org.deeplearning4j.nn.weights.WeightInitXavierUniform"
      },
      "weightNoise" : null
    },
    "maxNumLineSearchIterations" : 5,
    "miniBatch" : true,
    "minimize" : true,
    "optimizationAlgo" : "STOCHASTIC_GRADIENT_DESCENT",
    "seed" : 1654346701647,
    "stepFunction" : null,
    "variables" : [ "W", "b" ]
  }, {
    "cacheMode" : "NONE",
    "dataType" : "FLOAT",
    "epochCount" : 0,
    "iterationCount" : 0,
    "layer" : {
      "@class" : "org.deeplearning4j.nn.conf.layers.DenseLayer",
      "activationFn" : {
        "@class" : "org.nd4j.linalg.activations.impl.ActivationSoftmax"
      },
      "biasInit" : 0.0,
      "biasUpdater" : null,
      "constraints" : null,
      "gainInit" : 1.0,
      "gradientNormalization" : "None",
      "gradientNormalizationThreshold" : 1.0,
      "hasBias" : true,
      "hasLayerNorm" : false,
      "idropout" : {
        "@class" : "org.deeplearning4j.nn.conf.dropout.Dropout",
        "p" : 1.0,
        "helperAllowFallback" : true,
        "initializedHelper" : false,
        "pschedule" : null
      },
      "iupdater" : {
        "@class" : "org.nd4j.linalg.learning.config.Adam",
        "beta1" : 0.8999999761581421,
        "beta2" : 0.9990000128746033,
        "epsilon" : 1.0E-7,
        "learningRate" : 9.999999747378752E-6
      },
      "layerName" : "dense_1",
      "nin" : 256,
      "nout" : 22,
      "regularization" : [ ],
      "regularizationBias" : [ ],
      "weightInitFn" : {
        "@class" : "org.deeplearning4j.nn.weights.WeightInitXavierUniform"
      },
      "weightNoise" : null
    },
    "maxNumLineSearchIterations" : 5,
    "miniBatch" : true,
    "minimize" : true,
    "optimizationAlgo" : "STOCHASTIC_GRADIENT_DESCENT",
    "seed" : 1654346701647,
    "stepFunction" : null,
    "variables" : [ "W", "b" ]
  }, {
    "cacheMode" : "NONE",
    "dataType" : "FLOAT",
    "epochCount" : 0,
    "iterationCount" : 0,
    "layer" : {
      "@class" : "org.deeplearning4j.nn.conf.layers.LossLayer",
      "activationFn" : {
        "@class" : "org.nd4j.linalg.activations.impl.ActivationIdentity"
      },
      "biasInit" : 0.0,
      "biasUpdater" : null,
      "constraints" : null,
      "gainInit" : 1.0,
      "gradientNormalization" : "None",
      "gradientNormalizationThreshold" : 1.0,
      "idropout" : null,
      "iupdater" : {
        "@class" : "org.nd4j.linalg.learning.config.Adam",
        "beta1" : 0.8999999761581421,
        "beta2" : 0.9990000128746033,
        "epsilon" : 1.0E-7,
        "learningRate" : 9.999999747378752E-6
      },
      "layerName" : "dense_1_loss",
      "lossFn" : {
        "@class" : "org.nd4j.linalg.lossfunctions.impl.LossMCXENT",
        "softmaxClipEps" : 1.0E-10
      },
      "nin" : 22,
      "nout" : 0,
      "regularization" : [ ],
      "regularizationBias" : [ ],
      "weightInitFn" : {
        "@class" : "org.deeplearning4j.nn.weights.WeightInitXavier"
      },
      "weightNoise" : null
    },
    "maxNumLineSearchIterations" : 5,
    "miniBatch" : true,
    "minimize" : true,
    "optimizationAlgo" : "STOCHASTIC_GRADIENT_DESCENT",
    "seed" : 1654346701647,
    "stepFunction" : null,
    "variables" : [ ]
  } ],
  "dataType" : "FLOAT",
  "epochCount" : 0,
  "inferenceWorkspaceMode" : "ENABLED",
  "inputPreProcessors" : {
    "18" : {
      "@class" : "org.deeplearning4j.nn.modelimport.keras.preprocessors.TensorFlowCnnToFeedForwardPreProcessor",
      "inputHeight" : 4,
      "inputWidth" : 4,
      "numChannels" : 512
    }
  },
  "iterationCount" : 0,
  "tbpttBackLength" : 20,
  "tbpttFwdLength" : 20,
  "trainingWorkspaceMode" : "ENABLED",
  "validateOutputLayerConfig" : true
}